{"shoulder_width_threshold": 0.13058631257878411, "mouth_shoulder_ratio_threshold": 0.044276832204312076}