{"shoulder_width_threshold": 0.13667086909214654, "mouth_shoulder_ratio_threshold": 0.026565561622381207}