{"shoulder_width_threshold": 0.12978356033563618, "mouth_shoulder_ratio_threshold": 0.045356945257633924}